Numeric ID	Display Name	Exercise	Description
1	Foam Roll - Inner Thigh (Adductor)	SMR - Adductors	On your stomach, place a foam roller on the inside of your thigh. Slowly roll the length of your inner thigh. If you find a tender spot, hold for 30 seconds. Repeat on the other leg.
2	Foam Roll - Calves	SMR - Calves	Place a foam roller under the mid-calf. Cross the opposite leg over. Slowly roll the length of your calf. If you find a tender spot, hold for 30 seconds. Repeat on the other leg.
3	Foam Roll - Hamstrings	SMR - Hamstrings	Sit on the ground with a foam roller under your hamstring, just before the glute. Roll the length of your hamstring. If you find a tender spot, hold for 30 seconds. Repeat on the other leg.
4	Foam Roll - Outer Thigh (IT Band)	SMR - IT-Band	Lie on one side with a foam roller under your thigh. Cross the top leg over the lower leg, placing that foot on the floor. Slowly roll from the hip joint down toward the knee. If you find a tender spot, hold for 30 seconds. Switch sides and repeat.
5			
6	Standing Hip Stretch	Hip Flexor Static Stretch (Standing)	Stand with one leg in front of the other. Raise the arm that is on the same side as your back leg, engaging your core as you lean backward until a stretch is felt in your hip. Rotate the shoulder of your raised arm back to deepen the stretch. Hold for 30 seconds. Switch sides and repeat.
7	Standing Calf Stretch	Calves Static Stretch	Stand about three feet from a wall and put one foot behind you, ensuring your toes are facing forward. Keep your heel on the ground and place your hands on the wall, bending your front leg and keeping your back leg straight. Hold for 30 seconds. Switch sides and repeat.
8	Standing Inner Thigh (Adductor) Stretch	Adductors Static Stretch	Begin in a wide-leg stance with toes pointing straight. Bend one leg and shift the hips toward that side. Hold for 30 seconds. Return to the starting position and repeat on the other side.
9	Lying Hamstring Stretch	Hamstrings Static Stretch 	Begin on your back with your legs on the floor. Bring one knee towards your chest and slowly straighten your lower leg. Keep a firm hold on the back of your leg as your pull it toward you to deepen the stretch. Breathe deeply and hold for 30 seconds. Repeat on opposite side.
10	Hip Bridge - Double Leg	Hip Bridge (double leg)	Begin on your back with your knees bent and your feet flat on the floor, shoulder-width apart. Squeeze your glutes and lift your hips off the floor to a flat-back position. Hold for 1-2 seconds, then relax and bring your hips back to the ground. Repeat for recommended reps.
11	Hip Bridge - Single Leg	Hip Bridge (single leg)	Begin on your back with your knees bent and your feet flat on the floor, shoulder-width apart. Lift and extend one foot in the air. Contract your glutes and lift your hips off the floor to a flat-back position, lift  Hold for 1-2 seconds and then relax, bringing your hips back to the ground but keeping your leg in the air. Repeat for recommended reps. Switch sides and repeat.
12	Hip Bridge on Unstable Surface - Double Leg	Hip Bridge (double leg) on unstable surface	Begin on your back with your knees bent and your feet flat on a pillow, shoulder-width apart. Contract your abdomen, allowing your lower back to be flush with the ground. Squeeze your glutes and lift your hips off the floor to a flat-back position. Hold for 1-2 seconds, then relax and bring your hips back to the ground. Repeat for recommended reps.
13	Hip Bridge on Unstable Surface - Single Leg	Hip Bridge (single leg) on unstable surface	Begin on your back with your knees bent and your feet flat on a pillow, shoulder-width apart. Lift and extend one foot in the air. Contract your glutes and lift your hips off the floor to a flat-back position, lift and hold for 1-2 seconds and then relax, bringing your hips back to the ground but keeping your leg in the air. Repeat for recommended reps. Switch sides and repeat.
14	Single Leg Balance Reach - Multiple Directions	Single Leg Balance (multiplanar) with Reach	Stand with your hands on your hips and feet shoulder-width a part. Engage your core and glutes as you take one leg and reach forward, tapping your foot on the ground in front of you. Move back to the starting position. Next, reach out to the side with the same leg, maintaining the alignment of your other knee and continuing to engage your core and glutes. Move back to the starting position. Finish by reaching behind your body with the same leg. Repeat for the recommended reps, switch sides and repeat.
15	Double Leg Squat (Bodyweight)	Double Leg Squat (Bodyweight)	Stand with your feet shoulder width apart, toes pointing forward, and arms where they are comfortable. Bend your knees and sit back with your hips as if into a chair. As you squat, maintain balance by looking forward and keeping your chest up. Straighten up once maximum depth is reached. Repeat for recommended reps.
16	High Knees	High Knees	
17	Back Pedal	Back Pedal	
18	Side Shuffle	Side Shuffle	
19	A-Skips	A-Skips	
20	Carioca	Carioca	
21			
22			
23			
24			
25			
26	Calf (Soleus) Stretch	Soleus Static Stretch	Stand about three feet from a wall and put one foot behind you, ensuring your toes are facing forward. Keep your heel on the ground and place your hands on the wall, bending your front leg. Once in this position, bend your back knee but do not let your heel come off the ground. You should feel a stretch deeper in your calf. Hold for 30 seconds. Switch sides and repeat.
27			
28	Standing Outer Hip (TFL) Stretch	Standing TFL Static Stretch	Begin in a standing position with your toes pointing forward. Turn one foot to the outisde. With the opposite foot step forward into a lunge position, keeping your hips facing the front. Place your hands on your hips for balance. Hold for 30 seconds. Switch sides and repeat.
29	Ankle Mobility (Toes Up)	Ankle Dorsiflexion	Begin seated on the floor with your legs extended, toes facing up. Bring your toes towards you, holding for 1-2 seconds. Relax back to a neutral position. Complete for the recommended number of reps.
30			
31	Single Leg Calf Raise 	Single - Leg Calf Raise	Begin on an elevated surface (i.e. stair/step) with heels hanging off. Lift one leg off the ground (place hands on nearby wall for support). Push onto toes of the other leg and hold for 1-2 seconds. Lower heel back down beyond level of surface to stretch the calf. Repeat with opposite leg. 
32			
33	Multiplanar Single-Leg Balance Reach (Firm Surface)	Multiplanar Single-Leg Balance Reach (Firm Surface)	
34			
35			
36	Ball Squats	Ball Squats	
37	Step-Ups	Step-Ups	
38	Lunges	Lunges	
39	Single-Leg Squat	Single-Leg Squat	
40	Wall Jumps	Wall Jumps	
41	Tuck Jump	Tuck Jump	
42	Long Jump with Stabilization	Long Jump with Stabilization	
43	Single-Leg Hop with Stabilization	Single-Leg Hop with Stabilization	
44	Foam Roll - Glutes	SMR - Piriformis	Sit on top of a foam roller. Bring one ankle to the opposite knee. Shift your weight to the same side as the crossed leg, rolling over the buttocks until you feel tension in your upper glute. Hold for 30 seconds. Switch sides and repeat.
45			
46	Lying Crossover Glute Stretch	Supine Piriformis Static Stretch	Begin lying on the floor with both legs extended. Bring your ankle to the opposite knee to assume a "Figure-4" position. Pull the leg still on the ground to your chest until the stretch is felt through the upper hamstring and glute. Hold stretch for 30 seconds. Repeat with other leg.
47			
48	Foam Roll - Quads	SMR Quadriceps	Begin on your stomach with a foam roller beneath one thigh. Keeping that foot off of the ground, shift your weight onto that leg as you roll the length of the muscle from the knee to the hip, holding points of tension for 30 seconds. Switch sides and repeat.
49	Lunging Hip Stretch	Kneeling Hip Flexor Static Stretch	Begin in a lunge with your back knee and your front foot on the floor. Shift your weight forward, keeping your hips facing the front until you feel a stretch in your hip and hold for 30 seconds. Switch sides and repeat.
50	Bird-dog (Opposite Arm/Leg Raise)	Quadruped Arm/Opposite Leg Raise	Begin on your hands and knees with your back flat. Simultaneously raise the right arm and left leg until the extended arm and leg are horizontal. Hold for 1-2 seconds, then bring your arm and leg back down. Alternate sides as you complete the set number of reps.
51	Floor Cobra (Superman) Stretch	Floor Prone Cobra	Begin on your stomach with your arms by your sides. Lift your shoulders and chest off the floor, pinching your shoulder blades together. Keep your neck in line with your spine. Release back down to the floor. Repeat for recommended number of reps.
52	Ball Squats with Overheard Press	Ball Squats with Overheard Press	
53	Toe Scrunches	Towel scrunches (Intrinsic Foot Muscles)	Begin with your feet resting on a towel, flat on the floor. Draw the towel towards you by scrunching your toes. Keep heels in contact with the floor throughout.
54	Foam Roll - Hip Flexor	SMR - Hip Flexor	Begin on your stomach and place a ball or foam roller beneath one hip. Keeping that foot off of the ground, shift as much weight onto the leg to be rolled as is tolerable, roll along the hip region, holding points of tension for 30 seconds. Switch sides and repeat.
55	Foam Roll - Lats	SMR - Latissimus Dorsi	Lie on one side with the arm on the ground over your head with thumb facing upwards. Place a foam roller under the arm. Slowly roll down your side back and forth. If you find a tender spot, hold for 30 seconds. Repeat on other side.
56	Seated Spinal Twist Stretch	Erector Spinae Static Stretch	Begin seated with legs extended in front of you. Cross one leg over the other and place that foot on the other side of the extended leg. Place your elbow on the outside of the bent knee and your other hand on the floor for support. Move into a twist and push your elbow into your knee to deepen the twist. Hold for 30 seconds, then repeat the stretch on the other side.
57	Kneeling One-Armed Lat Stretch	Latissimus Dorsi Static Stretch	Kneel in front of a chair, ball, or foam roller and place one arm on top of the object with your thumb pointed up toward the ceiling. Keep the other hand on the ground. Lower your hips back toward your heels until a stretch is felt alongside the torso. Hold for 30 seconds. Switch sides and repeat.
58	B-Skips	B-Skips	
59	Ankle Stretch and Hold (Towards You)	Isometric Ankle Dorsiflexion	Begin seated on the floor or in a chair. Bring one ankle to the opposite knee. Grasp the toes and pull your toes up, feeling a stretch through the back of your leg and foot. Hold for 15 seconds, then relax. Repeat on the other foot.
60	Ankle Stretch and Hold (Away From You)	Isometric Ankle Plantarflexion	Begin seated on the floor or in a chair. Bring one ankle to the opposite knee. Grasp the toes and pull your toes down, feeling a stretch through the front of your ankle. Hold for 15 seconds, then relax. Repeat on the other foot.
61	Ankle Stretch and Hold (Toes In)	Isometric Ankle Inversion	Begin seated on the floor or in a chair. Bring one ankle to the opposite knee. Grasp the toes and pull your toes in, feeling a stretch through the outside of your ankle. Hold for 15 seconds, then relax. Repeat on the other foot.
62	Ankle Stretch and Hold (Toes Out)	Isometric Ankle Eversion	Begin seated on the floor or in a chair. Bring one ankle to the opposite knee. Push down on the inside of the foot, feeling a stretch through the inside of your ankle. Hold for 15 seconds, then relax. Repeat on the other foot.
63	Ankle Mobility (Toes In)	Ankle Inversion	Begin seated with your legs extended. Keeping your lower leg stable, point your toes in toward your midline. All of your motion should be coming from your ankle. Complete for the recommended number of reps on both feet.
64	Ankle Mobility (Toes Out)	Ankle Eversion	Begin seated with your legs extended. Keeping your lower leg stable, point your toes out away from your midline. All of your motion should be coming from your ankle. Complete for the recommended number of reps on both feet.
65	Ankle Mobility (Up and Out)	Ankle Dorsiflexion and Eversion	Begin seated with your legs extended. Keeping your lower leg stable, point your toes up and out, away from your midline. All of your motion should be coming from your ankle. Complete for the recommended number of reps on both feet.
66	Ankle Mobility (Down and In)	Ankle Plantarflexion and Inversion	Begin seated with your legs extended. Keeping your lower leg stable, point your toes down and in toward your midline. All of your motion should be coming from your ankle. Complete for the recommended number of reps on both feet.
67	Double Leg Calf Raise	Double Leg Calf Raise	Stand with both feet flat on the ground and legs shoulder width apart. Lift your heels by pressing up through your toes and contracting your calf muscles. Slowly lower your heels to the neutral starting position. Complete for assigned reps.
68	Double Leg (Up) - Single Leg (Down) Calf Raise	Double Leg (up); Single leg (down) calf raise	Begin on an elevated surface (ie. stair/step) with heels hanging off. Push onto toes with both legs, then lift one leg off the ground. With control, lower the other heel back down to the level of the surface. Repeat with opposite leg for recommended number of reps.
69	Multiplanar Single-Leg Balance Reach (Unstable Surface)	Multiplanar Single-Leg Balance Reach (Uneven Surface)	
70	Triple-Hop to Stabilization	Triple-hop to stabilization (distance)	
71	Foam Roll - Outer Lower Leg	SMR - Peroneals	Lay on your side with a foam roller under your lower leg. Support your weight on your forearm as you raise your hips off the ground. Roll the side of your lower leg, from below the knee to above the ankle, pausing at points of tenderness. Repeat on the other leg.
72	Foam Roll - Outer Shin	SMR - Tibialis Anterior	Lay on your side with a foam roller under your lower leg. Support your weight on your forearm as you raise your hips off the ground. Roll back and forth over the outside portion of your lower leg. Hold tender areas for about 30 seconds or until discomfort decreases. To increase pressure, stack one leg on top of the other and roll the bottom leg.
73	Inner Shin Release	SMR - Tibialis Posterior	Lie on your stomach and place roller on the inside portion of your shin. Slowly roll the inner shin to find a tender spot. Hold for 30 seconds. Repeat on the other side.
74	Foam Roll - Bottom of Foot	SMR- Bottom of Foot	Start off standing (can be performed seated) with shoes off. Place the arch of your foot on a foam roller or ball. Press down firmly, rolling across the arch of your foot. Continue for 10-30 seconds, and then switch to the other foot.
75	Toe Lifts	Toe Lifts	Stand with your feet shoulder width apart and weight balanced across your foot. Lift your toes upward toward your shins, keeping your heels on the ground. Hold briefly at the top, then slowly let your toes return to the ground. Repeat for assigned reps.
76	Banded A-March	Banded A-March	
77	Wall Sit	Wall Sit	Stand with your back against a wall. Slide down into a squat position (your knees and hips should be at right angles). Engage your core and quads as you hold his position for 30 seconds.
78	Standing Calf Raises (Elevated Surface)	Calf Raise on Raised Surface	Stand on the edge of an elevated surface, feet shoulder-width apart and heels hanging off. Use the wall or a rail as a support to stay balanced. Push up onto your toes so your heels raise up, pause, then lower yourself back to the starting position. Repeat for assigned reps.
79	Posterior Pelvic Tilt	Posterior Pelvic Tilt	Lie on your back with the knees bent and the soles of the feet on the floor. On an exhale, contract your abdomen to round your back so it is flush against the ground. Your hips should not leave the floor. Hold for 1-2 seconds, maintaining the abdominal contraction, then relax. Repeat this movement for the recommended reps.
80			
81	Clam Shells (On Side)	Bent Knee Hip External Rotation (On Side)	Begin by lying on your side with your legs stacked and knees bent. Open the top hip, lifting your knee away from your body. Maintain contact between your feet throughout the movement. Pause at the top of the motion, and then return to the starting position. Repeat for the desired number of reps. Switch sides and repeat.
82	Lateral Walks	Lateral Walks	Begin in a wide stance. Bend your knees so you are in a squat position. Keep your arms up in front of your to maintain balance. Engaging your core and glutes, step out with one leg and follow with the other, making sure your feet do not come closer than shoulder-width apart. Continue stepping out sideways for the recommended number of reps, maintaining the squat during movement. Rest, and repeat in the opposite direction.
83	Monster Walks	Monster Walks	Begin in a wide stance. Bend your knees so you are in a squat position. Engaging your core and glutes, begin walking forward in the squat position. Make sure your feet stay wide and your core and glutes stay contracted as you walk. Complete for the recommended number of reps.
84	Dead Bugs	Supine Arm/Leg Raise - Dying Bugs	Lie on your back with your legs straight and your arms overhead. Bend your hips and knees. Contract your abdomen so your low back is flush with the ground. Move one leg and the opposite arm to the ground, straightening the knee and hip to bring the leg just above the ground. Engage your core and return the working limbs to the starting position. Repeat on the opposite side, alternating until the set is complete.
85	Plank (on Knees)	Prone Plank on Knees	Begin on your stomach and position your elbows beneath your shoulders. Lift your body off the ground from your forearms and knees. Hold your body straight by keeping your abdominal muscles and your thigh muscles tight. Squeeze your glutes for stability and don't let your hips drop. Try to keep a straight line from your head and neck to your back. Hold this position for 30 seconds.
86	Plank	Prone Plank on Toes	Begin on your stomach and position your elbows underneath your shoulders. Lift your body off the ground so you are supported on your foreamrs and toes. Maintain alignment through contracting your core and squeezing through your glutes and thighs. Ensure your hips do not drop during this exercise. Hold for 30 seconds, then relax back to the floor.
87	Plank with Kickbacks	Prone Plank Leg Lift	Begin on your stomach and position your elbows underneath your shoulders. Lift your body off the ground so you are supported on your forearms and toes. Maintain alignment through contracting your core and squeezing through your glutes and thighs. From here, lift one leg up by squeezing through your glute--hold for 2 seconds then drop back down to the ground. Ensure your hips do not drop during this exercise. Repeat for recommended reps, then rest. Repeat on the other leg.
88	Mountain Climbers	Prone Plank Knee to Chest	Begin in a plank position on your hands. Maintain alignment through contracting your core and squeezing through your glutes and thighs. Lift one leg and bring your knee toward your chest, then release it back to the ground. Repeat with the other leg, and alternate for the recommended number of reps. Rest only when the set has been completed.
89	Side Plank (Knees Bent)	Side Plank Knees Bent	Begin on your side with your elbow positioned under your shoulder and your legs stacked, knees bent. Place your other hand on your hip and lift off the ground, keeping your body in a straight line. Hold for 30 seconds, then relax back to the floor. Switch sides and repeat.
90	Side Plank	Side Plank Knees Straight	Begin on your side with your elbow positioned under your shoulder. Place your other hand on your hip and lift off the ground, keeping your body in a straight line. Hold for 30 seconds, then relax back to the floor. Switch sides and repeat.
91	Side Plank (Knees Bent) w/ Leg Lifts	Side Plank Knees Bent Leg Lifts	Begin on your side with your elbow positioned under your shoulder and your legs stacked, knees bent. Place your other hand on your hip and lift off the ground, keeping your body in a straight line. Straighten the top leg, lift it off the ground, then release back down all while maintaining the side plank. Complete the set number of reps, then switch sides and repeat.
92	Side Plank with Leg Lifts	Side Plank Knees Straight Leg Lifts	Begin on your side with your elbow positioned under your shoulder. Place your other hand on your hip and lift off the ground, keeping your body in a straight line. Lift your top leg up, hold for 1-2 seconds, then release back down. Complete the set number of reps, then switch sides and repeat.
93	Wall Sit With Resistance	Wall Sit With Resistance	
94	Wall Sit With Weight	Wall Sit With Weight	
95	Step-Ups to Overhead Press	Step-Ups to Overhead Press	
96	Lunges to Overhead Press	Lunges to Overhead Press	
97	Single-Leg Squat to Overhead Press	Single-Leg Squat to Overhead Press	
98	Lying Abdominal Stretch (Cobra)	Cobra Abdominal Stretch	Lie face down with your hands under your shoulders. Slowly push your torso up as far as you comfortably can â€“ try to get your hips to rise off the floor slightly. Hold the stretch for 30 seconds and then lower down to starting position.
99	Double Leg Squat with Overhead Press	Double Leg Squat with Overhead Press	
100	Double Leg RDL	Double Leg RDL	
101	Single Leg RDL	Single Leg RDL	
102	Foam Roll - Upper Back	SMR - Erector Spinae	Place a foam roller behind your low back. Cross your arms in front of you and protract your shoulders. Raise your hips off of the floor and lean back, keeping your weight on your lower back. Roll over your back, holding points of tension for 30 seconds. Repeat on the other side.
103	Child's Pose (Arms Straight)	Child's Pose Arms Straight	Begin on your hands and knees with your hands shoulder-width apart, and back flat (spine neutral). Sit back onto your heels and allow your body to come to the ground with your arms outstretched. Breathe deeply and hold for 30 seconds.
104	Child's Pose (Arms to Side)	Child's Pose to Side	Begin on your hands and knees with your hands shoulder-width apart, and back flat (spine neutral). Sit back onto your heels and allow your body to come to the ground with your arms outstretched. Take your arms and reach to one side, lengthening through the opposite side. Hold for 30 seconds, then switch sides and repeat.
105	4-Way Ankle Holds	4-Way Ankle Isometrics	This exercise will be performed in 4 directions. First, point your toes down and press them into the top of your other foot. Hold for 1-2 seconds, relax, then repeat for recommended number of reps. Next, move your foot underneath your other foot, then pull up toward the top foot. Hold, then relax and repeat. Push your toes into the side of your other foot. Hold, relax and repeat. Cross your leg over the other and push the outside of your foot into your other foot. Hold, relax and repeat.
106	4-Way Ankle Mobility	4-Way Ankle Mobility	This exercise will be performed in 4 directions for the assigned number of reps. First, point your toes straight down as far as you are able. Next, pull your toes up toward you. Third, keep your lower leg stable as you point your toes in. Finish by pointing your toes out. Complete on the other ankle.
107	Combined Ankle Resistance	Compound Resisted Ankle	Loop a resistance band around your ankle with the ends grasped in one hand. The first motion performed will be your toes pointing down and in against resistance. Complete for the set number of reps. Next, point your toes up and out against resistance. Complete for the set number of reps and repeat on the other foot.
108	Glute Activation Extensions	Glute Max Activation	Stand with your legs shoulder width apart. Keeping your knee straight and toes pointed, reach one leg behind you, engaging your glutes. Slowly return to the starting position. Complete assigned reps and switch sides. Next, assume the same starting position and move your leg out away from your body. Complete assigned reps and switch sides. Use a table/chair for support if needed.
109			
110	Banded Clam Shells (On Side)	Bent Knee Hip External Rotation (On Side)	Place a resistance band around your legs, just above your knees. Begin by lying on your side with your legs stacked and knees bent. Open the top hip, lifting your knee away from your body. Maintain contact between your feet throughout the movement. Pause at the top of the motion, and then return to the starting position. Repeat for the desired number of reps. Switch sides and repeat.
111			
112			
113	4-Way Ankle Strengthening (Banded)	4-Way Ankle Resistance	This exercise will be performed in 4 different directions with the resistance band in different positions. First, loop the band around your foot, grasping the ends in your hands. Push your foot down against resistance. Next, loop the band around the ball of the other foot, then push your toes out against the band. In the same position, pull up against the resistance of the band. Finally, cross the involved foot over the uninvolved foot and loop the band the other way (around your uninvolved foot). Pull your toes in against the band. Complete the reps in one position before moving on to the next. Repeat on the other foot.
114	4-Way Ankle Holds (Towel)	4-Way Ankle Isometrics (Towel)	This exercise will be performed in 4 different directions. First, loop the towel around your foot, grasping the ends in your hands. Push your foot down against resistance, but do not allow your foot to move. Next, angle your pull away from you and push your toes in toward your midline. Third, angle your pull toward your midline and push your toes out against resistance. Finally, loop the towel around the uninvolved foot and pull up against resistance. Complete the set number of reps in each position, then repeat on the other foot.
115	Ankle Pumps	Ankle Pumps	Sit on the floor with your back straight and legs extended and spread slightly apart. Begin with your toes pointed up, so the soles of your feet are flat. Point one foot downward, as though pressing down on the gas pedal of a car, and hold for a count. Return to the starting position, as though letting up on the gas. This completes one repetition of the stretch. Complete assigned reps, switch sides, and repeat.
116	Knee Hugs	Knee Hugs	Stand tall with your legs straight and arms hanging at your sides. Kick one knee up, bringing it as high as comfortable. Grasp it with both hands and gently pull it up slightly higher, hugging it to the body. Slowly lower to repeat with the opposite side. Each step should move you forward slightly.
117	Hip Cradles	Hip Cradles	Stand tall with your legs straight and arms hanging at your sides. Lift up one knee and externally rotate that leg so your inner thigh is pointing up. Grab the leg with both hands and cradle it higher to stretch out the glutes. Slowly lower to repeat on the opposite side to continue moving forward.
118	Standing Quads Stretch	Standing Quads Stretch	Stand tall, holding onto a chair or wall for balance if necessary (not pictured). Keep your feet hip-width apart, your back straight and your feet parallel. Reach back and grab your left foot in your left hand, keeping your thighs lined up next to each other and left leg in line with the hip. Breathe deeply and hold for 30 seconds. Repeat on opposite side. 
119	Dynamic Runner Lunges	Dynamic Runner Lunges	Stand with your feet together and hands at your waist. Take a big step forward and bend your legs to form 90 degree angles. Once in your lunge, try a few pulses. Then, straighten your legs back up and repeat, alternating sides.
120	Crab Reaches	Crab Reaches	Begin seated with your hands on the ground behind your for support and your knees bent, feet flat on the floor. Push yourself off the ground by lifting your hips, then proceed to lift one hand off the ground and reach up and behind your head, lengthening through your side. Your other hand should remain on the ground for support. Alternate your reaches and complete the recommended number of reps.
121	Seated Forward Fold	Seated Forward Fold	Begin seated with your legs outstretched. Bending from the waist, reach forward as far as you are able. Hold the stretch for 30 seconds, then relax.
122	Lateral Hip Openers	Lateral Hip Openers	Stand in a wide-stance with your hands on your hips. Bend forward from the waist and bend the knee as you shift your weight to one side. Lower into the stretch, which should be felt in the outer/front hip. Come back to the neutral position and repeat on the other side. Complete for the set number of reps.
123			
124	Banded Glute Extensions	Banded Glute Max Activation	Place a band around your legs, just above your knees. Stand feet shoulder-width apart, hands on your hips. Move one leg out away from your body, pulling against the resistance. Relax and bring your leg back down. Complete for the set number of reps. Next, reach that foot behind you against the band. Complete for the set number of reps, then repeat both exercises on the other leg.
125	Posterior Neck Release	SMR - Levator Scapulae	Stand with your back against a wall. Place a ball between the wall and the back of your neck, just off center. If you feel have any points of tenderness, you may place the ball over those. Keeping the ball in contact with the wall, bend and rotate your neck so you are looking down toward your opposite front hip. Use you hand to push on the back of your head for more of a stretch. Hold the stretch for 30 seconds, then release.
126	Upper Back Release	SMR - Upper Trapezius	Stand with your back against a wall. Place a ball between the wall and on your upper back, in between your shoulder and neck. If you feel have any points of tenderness in this area, you may place the ball over those. Keeping the ball in contact with the wall, push your thumb into the muscle from the front. Bend your neck as far as you can and look straight down. Apply pressure for 30 seconds, then release. 
127	Neck Flexion Stretch	Upper Trapezius Static Stretch	Place your hands on the back of your head and pull your head down. Make sure you do not round through your back as you pull. Hold for 30 seconds, and then relax.
128	Sidebending Neck Stretch	SCM Static Stretch	In a seated position, place one hand under your leg to keep your shoulder level during the stretch. Bring the other hand to the opposite side of your head and pull your head to the side. Try to get your ear as close to your shoulder without lifting the other shoulder. Hold for 30 seconds, then release. Repeat on the other side.
129	Diagonal Neck Stretch	Cervical Rotator Static Stretch	In a seated position, sit on one hand to keep your shoulder level during the stretch. Bring the other hand to the opposite side of your head and pull your head to the side. Try to get your ear as close to your shoulder without lifting it. Hold for 30 seconds, then release. Repeat on the other side.
130	Cross Body Arm Stretch	Posterior Deltoid Static Stretch	Stand feet shoulder-width apart and cross one arm over your body at chest-level. Apply pressure on your forearm with your other hand to stretch the back of your shoulder. Hold for 30 seconds, then repeat on the othe side.
131	Neck Flexion/Extension	Cervical Flexion/Extension	Stand feet shoulder-width apart. Keeping your shoulders level and your back straight, bend your head forward so you are looking down at your toes. Then, extend your neck all the way up so you are looking at the ceiling. This is one rep. Repeat for the recommended number of reps.
132	Neck Sidebending	Cervical Sidebending	Stand feet shoulder-width apart. Keeping your shoulders level and your back straight, bend your head to the side, bringing your ear as close to your shoulder as you can. Then, bend your head to the other side. This is one rep. Repeat for the recommended number of reps.
133	Neck Rotation	Cervical Rotation	Stand feet shoulder-width apart. Keeping your shoulders level and your back straight, look over one shoulder as far as you can without moving your torso or hips. Then, look over your other shoulder. This is one rep. Repeat for the recommended number of reps.
134	Chin Tucks	Cervical Retraction	Stand feet shoulder-width apart. Keep your shoulders level and your back straight. Scoop your chin down and back so you are tucking it back and elongating your neck. Hold the tucked position for 1-2 seconds, then release. Repeat for the recommended number of reps.
135	Scapular Squeezes	Scapular Retraction	Stand feet shoulder-width apart. Keep your shoulders level and your back straight. Scoop your chin down and back so you are tucking it toward the back of your neck. Hold the tucked position for 1-2 seconds, then release. Repeat for the recommended number of reps.
136	Prone Floor Arm Raises	Lower Trapezius Prone Floor Scaption	Lay on the floor on your stomach. Extend your arms so they are above your head on the ground. With your thumb pointing toward the ceiling, lift your arms off the ground and hold for 1-2 seconds. Make sure your chest maintains contact with the ground. Relax your arms back to the ground. Repeat for the recommended number of reps.
137	Shoulder Shrugs	Scapular Elevation	Sit or stand with your shoulders level and your back straight. Bring your shoulders up into shrug, bringing them as close to your ears as you can. Relax and let your shoulders fall back to the starting position. Repeat for the recommended number of reps.
138	YTWs	YTWs	Stand feet shoulder-width apart. First, bring your arms up and out, making a Y shape. Relax your arms back down to your sides. Next, raise your arms to shoulder-height, making a T shape with your body. Relax back down. Finally, bring your arms up and bend your elbows, squeezing your shoulders back to make a W shape. Release back down. This is one rep. Complete for the recommended number of reps.
139	Walking Hamstring Scoops	Walking Hamstring Scoops	Step forward and straighten your leg, lifting your toes off the ground as you lean down, moving your arms in a scooping motion. Straighten back up and repeat on the other leg as you take another step forward. 
140	Knee Hug to Lunge with Reach	Knee Hug to Lunge with Reach	In a standing position, bring your knee to your chest and wrap your hands around your shin to pull your knee farther up. Release that leg and step it forward, dropping into a lunge. Reach the opposite arm up and over the head to stretch the hip. Push up to standing with the back leg, then repeat on the other side.
141	Walking Superman	Walking Superman	Take a step then lean forward, bring the back leg off the ground. Extend your arms out in front of you, making a straight line from your hands down to the foot off the ground. Stand back up and take a step forward with the leg that was raised, and repeat.
142	Hurdle Walks (In)	Hurdle Walks (In)	Standing in place, bring your knee out and move it in toward your midline to "close" your hips. Complete for the set number of reps.
143	Hurdle Walks (Out)	Hurdle Walks (Out)	Standing in place, bring your knee up and move it out away from your midline to "open" your hips. Complete for the set number of reps.
144	Leg Overs	Leg Overs	Laying on your back with your arms in a T-position, bring one leg up toward the opposite arm as far as you can without lifting your midback off the ground. Bring that leg back down to the starting position, then repeat on the other side. Complete for the set number of reps.
145	Mini Skips	Mini Skips	Skip with minimal movement, keeping your steps small and jump height relatively low.
146	Skips for Height	Skips for Height	Skip to reach maximal height, driving one knee and your opposite arm into the air at the same time. 
147	Butt Kicks	Butt Kicks	In a standing position, flex your knee to kick your heel up to your glute. Repeat this motion, alternating each leg and moving at a quick pace.
148	Lateral Shuffles	Lateral Shuffles	Stand feet shoulder-width apart, knees and hips bent in a half-squat position. Shuffle your feet to one side, taking 4 steps before coming to a stop. Shuffle back in the opposite direction. This is one rep. Be sure to stay squatted throughout the entire movement. Complete for the designated reps.
149	Carioca	Carioca	Standing feet shoulder-width apart, cross one leg over the other. Next, step your back foot out so you are in the starting position. Cross the first foot behind your other foot. Step the front foot out to be back in the starting position. Repeat this motion quickly, then perform the exercise again in the other direction.
150	Backward Run	Backward Run	Stand feet shoulder-width apart. Jog backward the designated distance, then turn around and jog backward to the starting point.
151	High Knees	High Knees	Jog in place, driving your knees high into the air with every step.
152	Ice Skaters	Ice Skaters	Start feet shoulder-width a part. Bend your knees, swinging your arms behind you, then jump to your right and land only on your right leg. Immediately, jump back to the starting position but land only on your left leg. Repeat for the set number of reps.
153	Continuous Jumps	Continuous Jumps	Stand feet shoulder-width apart and bend your knees graciously, swinging your arms up as you jump up. As soon as you land, bend your knees and jump again. Complete for the set number of reps.
154	Long Jump	Long Jump	You should jump for distance in each rep. Be sure to use your arms to increase your power during your jump. Complete for the set number of reps.
155	Triple Hop to Stabilization	Triple Hop to Stabilization	Jump forward 3 times on one leg, trying to maximize your distance for each jump. Repeat on the opposite leg.
156	Weaving	Weaving	Set up markers 5 yards wide in a zig-zag shape the length of the designated distance. Begin in an athletic position. Quickly run 5 yards to the left while facing forward, then switch directions and run to the right. Continue for the designated distance.
157	Box Drill	Box Drill	Set up 4 markers in a square shape. Begin at the bottom right marker. Run straight ahead to the top right marker, shuffle left to the top left marker, backpedal to the bottom left marker, then shuffle right to the starting marker. Repeat for the set number of reps.
158	Field Sprints	Field Sprints	Start on one end of the field and sprint 30 yards.
159	Field Bounds	Field Bounds	Start on one end of the field and bound forward 30 yards, extending the legs fully and swinging the arms with every step.
160	Plant & Cuts	Plant & Cuts	Set up 4 markers in a square shape. Begin at the bottom right marker and run straight ahead to the top of the box. Plant and cut to the left, heading toward the top left marker. Complete the box for one rep, planting and cutting to the left at each marker. Repeat in the opposite direction.
161	Leg Swings	Leg Swings	Use a wall for support if needed. Keep your torso straight as you swing your leg backward as far as you can, then swing it forward. Complete for the set number of reps.
162	Running Arm Cricles	Running Arm Cricles	Skip forward and swing your arms around in circles forward, then backward.
163	Low Lateral Squat	Low Lateral Squat	Begin in a wide-legged stance. Shift your weight to one side, bending that knee to descend into a deep squat. Stand back up into the starting position, then shift your weight to the other side. Complete for the set number of reps.
164	Lunge with Rotation	Lunge with Rotation	Step forward into a lunge, then rotate your torso to face the left, then rotate to face the right. Push up off your back leg to stand again. Step forward into a lunge with the other leg, and repeat.
165	Reverse Lunge with Reach	Reverse Lunge with Reach	Step backward into a lunge, then reach up with the arm on the same side of your back leg. Reach up and over your body to feel a stretch through your side. Push up with your front leg into a standing position, then repeat on the opposite side.
166	Quick Stance Changes	Quick Stance Changes	Begin in an athletic position with one foot in front of the other. Pivot your hips to switch your stance quickly, so the back foot is now in front. Repeat these stance switches quickly for the designated time.
167	Lateral Dives	Lateral Dives	Begin in an athletic position. Squat low and push off the ground with one foot, diving laterally in the opposite direction. Stand back up and repeat in the other direction. Be sure to complete this drill on grass to soften the landings from the dives.
168	Ankle Poppers	Ankle Poppers	Hop up and down on both feet, making sure the motion is coming from the ankle. Your knees should not be bending when you land on the ground. Repeat for the designated time.
169	Star Jumps	Star Jumps	Begin in a crouched position, then jump up and extend all of your limbs at the same time. When you land, immediately drop back into the crouched position, then repeat the jumps for the set number of reps.
170	DL Lateral Jumps	DL Lateral Jumps	Begin with feet shoulder-width apart. Jump laterally about 4 feet, landing with both feet on the ground. Immediately jump back to the starting position. Repeat for the set number of reps.
171	Single Leg Hop to Balance	Single Leg Hop to Balance	Begin standing on one leg. Jump forward and land on the same leg, maintaining your balance. Continue hopping forward for the set distance, then turn and jump the same distance on the opposite leg.
172	X Drill	X Drill	Set up 4 markers in a square shape. Begin at the bottom right marker. Run diagonally to the the top left marker, shuffle to the top right marker, backpedal to the bottom left marker, then shuffle right to the starting marker. Repeat for the set number of reps.
173	N Drill	N Drill	Set up 4 markers in a square shape. Begin at the bottom right marker. Run straight ahead to the the top right marker, backpedal to the bottom left marker, then run straight ahead to the top left marker. Repeat for the set number of reps.
174	Bear Crawls	Bear Crawls	Begin on your hands and knees. Lift your knees off the ground and crawl forward on your hands and toes. Crawl the designated distance, then crawl backward, leading with your feet.
175	Knee Hugs	Knee Hugs	Stand with your feet shoulder-width apart. Hug one knee as close as you can into your chest. Hold for 1-2 seconds, then release and repeat on the other side. Continue alternating for the designated time.
176	Quad Stretch w/ Toe Raise	Quad Stretch w/ Toe Raise	Lift one leg and grab your foot, bringing it toward your rear to stretch your quad. Rest your other hand on your hip, then stand up on your toes. Hold for 1-2 seconds, then release and repeat on the other side. Continue alternating for the designated time.
177	Frankensteins	Frankensteins	Take a step forward, then kick the opposite leg toward your opposte outstretched arm. Release back down, then repeat on the other leg as you walk forward.
178	Scorpions	Scorpions	Begin on your stomach with your arms in a T-shape. Bring your heel up toward your opposite arm, twisting your torso up but keeping your chest on the ground. Release to the ground and repeat on the other side.
179	Hip Circles	Hip Circles	Stand with your hands on your hips. Circle your hips clockwise, then counterclockwise.
180	Lateral Lunge with Arm Raise	Lateral Lunge with Arm Raise	Holding a resistance band, step out into a lateral lunge. As you descend into the lunge, bring your arms up over your head and pull against the resistance band. Release and go back to standing, then repeat on the other side.
181	Trunk Sidebending with Arm Raise	Trunk Sidebending with Arm Raise	Stand feet shoulder-width apart. Hold the resistance band and raise your arms over your head. Pull against the resistance as you bend to one side. Hold for 1-2 seconds, then release and repeat on the other side.
182	Squats with Toe Raise	Squats with Toe Raise	Stand feet slightly wider than shoulder-width. Squat with proper form then stand back up and go onto your toes. Repeat for the designated reps.
183	Jumping Lunges	Jumping Lunges	Begin in a lunged position. Jump up, then switch legs before you hit the ground. Continue to jump and switch legs with every rep.
184	Banded Calf Raises	Banded Calf Raises	Place a small resistance band around your ankles. Step out until you feel adequate resistance in the band. Stand up onto your toes to perform a calf raise against the resistance of the band. Repeat for the designated reps.
185	Standing Banded Oblique Twists	Standing Banded Oblique Twists	Place one end of a large resistance band around your foot, anchoring it to the ground. Grasp the other end of the band in your hands and pull up on the band, twisting your torso away from the foot holding the band down. Release and complete for the designated reps, then repeat on the other side.
186	Banded Plank Step-Outs	Banded Plank Step-Outs	Place a small resistance band around your ankles. Get into a plank position on your elbows, then step one foot out and back to center. Repeat on the other side. Complete for the designated reps, maintain the plank position throughout the exercise.
187	Lunge to Knee Drive	Lunge to Knee Drive	Stand feet shoulder-width apart. Step back into a lunge, then stand back up and drive the knee of the back leg up. Complete all of the designated reps on one side, then switch sides and repeat.
188	Single Leg V-Jumps	Single Leg V-Jumps	On one leg, hop diagonally to the right, then back to the starting position, then diagonally to the left, then back to the starting position. Complete for the designated amount of time, then repeat on the other side.
189	Single Leg Toe Touches	Single Leg Toe Touches	Balancing on one leg, keep your core tight as you reach down with the opposite arm and touch your toes. Extend your other leg out behind you as you reach down. Complete for the designated reps.
190	Star Drill	Star Drill	Set up 5 markers in a "plus" shape. Begin at the middle marker. Run to the top marker, shuffle diagonally to the leftmost marker, then run all the way across to the right most marker. Shuffle back diagonally to the bottom marker, then run back to start. Repeat for the designated reps.
191	Dot Drill	Dot Drill	Set up 5 markers in a small X shape. Begin at the top right marker. On one foot, hop from the top right to the top left, then to the middle, then to the bottom right, then finish at the bottom left. Hop back to start in backward order. Repeat on the other foot. Complete for the designated reps.
192	Triple Extension Max Jump	Triple Extension Max Jump	Stand feet slightly wider than shoulder-width. Perform a deep squat, swinging your arms back and then explode upward as high as you can. When you land, go straight back into a squat. Perform three of these jumps in a row before resting; this is one set. Complete the designated number of sets.
193	Side to Side Squat	Side to Side Squat	Stand with your feet shoulder-width apart. Perform a squat but shift your weight onto one side so your body is off-center. Come back to the starting position, then perform the squat on the other side. Repeat for the designated reps.
194	Squat Jumps	Squat Jumps	Stand feet slightly wider than shoulder-width. Squat with proper form then jump straight up, landing in the squat position. Continue for the designated reps.
195	Balance Back Kicks	Balance Back Kicks	Stand on one leg. Your other leg should be bent at the hip and knee. Lean forward and touch your toes, extending your raised leg behind you. Stand back up and drive your knee up, maintaining your balance. Complete for the designated reps on one side, then repeat on the other side.
196	Russian Twists	Russian Twists	Sit with your feet elevated off the floor, knees bent toward your torso. Twist the top half of your body toward one side and twist your knees in the other direction. Without putting your feet on the floor, switch sides. This is one rep. Continue for the designated reps.
197	V-Ups	V-Ups	Sit with your feet outstretched and your torso leaned back slightly. Bring your upper and lower body up, reaching up to touch your toes. Extend back all the way, keeping your feet elevated. Complete for the designated reps.
198	Leg Lifts	Leg Lifts	Lay down on your back. Keep your hands by your sides, engage your core, and lift your legs up as far as you can. Make sure your back stays flush with the ground as you lower your legs to the ground. Do not let your feet touch the floor between reps. Complete for the designated reps.
199	Tricep Dips	Tricep Dips	Place your hands on a box, feet on the ground as you hold your self up. Bend your elbows and allow your body to descend. Only use your arms to lift your body back up. Complete for the designated reps.
200	Mountain Climbers	Mountain Climbers	Begin in a plank position on your hands. Bring one knee in toward your chest. Switch legs quickly to complete one rep. Keep your back straight throughout the duration of the exercise.
201	Elevated Pushups	Elevated Pushups	Get into a pushup position with your hands on an elevated surface, ideally a box or bench. Perform a pushup regularly, keeping your back straight and your core tight.
202	Plank with Shoulder Taps	Plank with Shoulder Taps	Begin in a plank position on your hands. Alternate tapping your shoulders with the opposite arms. Be sure to keep your body in line and core tight as you move. Complete for the designated time.
203	A-Skips	A-Skips	Skip forward, driving your knee upward and keeping the other leg fully extended. Alternate legs, making sure to let both touch the ground in between skips.
204	B-Skips	B-Skips	Skip forward, kicking one leg out and keeping the other leg fully extended. Alternate legs, making sure to let both touch the ground in between skips.
205	Tuck Jumps	Tuck Jumps	Use your arms and legs to power your jump. Squat down, then explode upward. While in the air, try to bring your knees as close to your chest as possible before you land.
206	Frog Squat Jumps	Frog Squat Jumps	Stand feet wider than shoulder-width. Perform a deep squat, then push off the ground and jump upward as high as you can. When you land, go straight back into the deep squat.
207	Box Jumps	Box Jumps	Stand in front of a box. Bend your knees then jump onto the box, swinging your arms to generate more momentum. Be sure to land on the box with both feet at the same time, stabilizing your landing.
208	Plyometric Deadlifts	Plyometric Deadlifts	On one leg, bend forward with a straight back, reaching toward the floor. Jump upward, straightening through your spine and swinging your back leg forward. Be sure to maintain your stability when you land.
209	Box Hops	Box Hops	On one leg, hop forward, left, backward, and then right. Continue to hop in this square shape for the designated reps, then switch legs and repeat.
210	Lateral Triple Jumps	Lateral Triple Jumps	Stand on your right leg. Jump as far as you can to the right, landing on your right leg. Immediately jump forward as far as you can, landing on your left leg. Finally, jump forward as far as you can again, this time landing on both legs. Repeat the same process with your left leg, jumping left first.
211	Side Plank Stars	Side Plank Stars	Perform a side plank on your elbow. Extend through your top leg and lift it up, holding the position for 1-2 seconds. Be sure to maintain a tight core. Release back down, then repeat for the designated reps.
212	Push-up to Sprint	Push-up to Sprint	Start on your stomach, hands braced by your shoulders. Lift up into a plank position, then perform a pushup. Immediately hop your legs toward your hands, then sprint 10 yards.
213	Alternating Fast Claw	Alternating Fast Claw	Start with a slow jog, taking small steps. After a few steps, hike one leg up with a high knee drive and strike your foot back down quickly. Take a few more steps, then repeat on the other leg. Complete for the designated distance.